Key	Title	Description	Status
2012MM01	2012 januari		Definitief
2012MM02	2012 februari		Definitief
2012MM03	2012 maart		Definitief
2012MM04	2012 april		Definitief
2012MM05	2012 mei		Definitief
2012MM06	2012 juni		Definitief
2012MM07	2012 juli		Definitief
2012MM08	2012 augustus		Definitief
2012MM09	2012 september		Definitief
2012MM10	2012 oktober		Definitief
2012MM11	2012 november		Definitief
2012MM12	2012 december		Definitief
2013MM01	2013 januari		Definitief
2013MM02	2013 februari		Definitief
2013MM03	2013 maart		Definitief
2013MM04	2013 april		Definitief
2013MM05	2013 mei		Definitief
2013MM06	2013 juni		Definitief
2013MM07	2013 juli		Definitief
2013MM08	2013 augustus		Definitief
2013MM09	2013 september		Definitief
2013MM10	2013 oktober		Definitief
2013MM11	2013 november		Definitief
2013MM12	2013 december		Definitief
2014MM01	2014 januari		Definitief
2014MM02	2014  februari		Definitief
2014MM03	2014 maart		Definitief
2014MM04	2014 april		Definitief
2014MM05	2014 mei		Definitief
2014MM06	2014 juni		Definitief
2014MM07	2014 juli		Definitief
2014MM08	2014 augustus		Definitief
2014MM09	2014 september 		Definitief
2014MM10	2014 oktober		Definitief
2014MM11	2014 november		Definitief
2014MM12	2014 december		Definitief
2015MM01	2015 januari		Definitief
2015MM02	2015  februari		Definitief
2015MM03	2015 maart		Definitief
2015MM04	2015 april		Definitief
2015MM05	2015 mei		Definitief
2015MM06	2015 juni		Definitief
2015MM07	2015 juli		Definitief
2015MM08	2015 augustus		Definitief
2015MM09	2015 september		Definitief
2015MM10	2015 oktober		Definitief
2015MM11	2015 november		Definitief
2015MM12	2015 december		Definitief
2016MM01	2016 januari		Definitief
2016MM02	2016  februari		Definitief
2016MM03	2016 maart		Definitief
2016MM04	2016 april		Definitief
2016MM05	2016 mei		Definitief
2016MM06	2016 juni		Definitief
2016MM07	2016 juli		Definitief
2016MM08	2016 augustus		Definitief
2016MM09	2016 september		Definitief
2016MM10	2016 oktober		Definitief
2016MM11	2016 november		Definitief
2016MM12	2016 december		Definitief
2017MM01	2017 januari		Definitief
2017MM02	2017 februari		Definitief
2017MM03	2017 maart		Definitief
2017MM04	2017 april		Definitief
2017MM05	2017 mei		Definitief
2017MM06	2017 juni		Definitief
2017MM07	2017 juli		Definitief
2017MM08	2017 augustus		Definitief
2017MM09	2017 september		Definitief
2017MM10	2017 oktober		Definitief
2017MM11	2017 november		Definitief
2017MM12	2017 december		Definitief
2018MM01	2018 januari 		Definitief
2018MM02	2018 februari		Definitief
2018MM03	2018 maart		Definitief
2018MM04	2018 april		Definitief
2018MM05	2018 mei		Definitief
2018MM06	2018 juni		Definitief
2018MM07	2018 juli		Definitief
2018MM08	2018 augustus		Definitief
2018MM09	2018 september		Definitief
2018MM10	2018 oktober		Definitief
2018MM11	2018 november		Definitief
2018MM12	2018 december		Definitief
2019MM01	2019 januari		Definitief
2019MM02	2019 februari		Definitief
2019MM03	2019 maart		Definitief
2019MM04	2019 april		Definitief
2019MM05	2019 mei		Definitief
2019MM06	2019 juni		Definitief
2019MM07	2019 juli		Definitief
2019MM08	2019 augustus		Definitief
2019MM09	2019 september		Definitief
2019MM10	2019 oktober		Definitief
2019MM11	2019 november		Definitief
2019MM12	2019 december		Definitief
2020MM01	2020 januari		Definitief
2020MM02	2020 februari		Definitief
2020MM03	2020 maart		Definitief
2020MM04	2020 april		Definitief
2020MM05	2020 mei		Definitief
2020MM06	2020 juni		Definitief
2020MM07	2020 juli		Definitief
2020MM08	2020 augustus		Definitief
2020MM09	2020 september		Definitief
2020MM10	2020 oktober		Definitief
2020MM11	2020 november		Definitief
2020MM12	2020 december		Definitief
2021MM01	2021 januari		Definitief
2021MM02	2021 februari		Definitief
2021MM03	2021 maart		Definitief
2021MM04	2021 april		Definitief
2021MM05	2021 mei		Definitief
2021MM06	2021 juni		Definitief
2021MM07	2021 juli		Definitief
2021MM08	2021 augustus		Definitief
2021MM09	2021 september		Definitief
2021MM10	2021 oktober		Definitief
2021MM11	2021 november		Definitief
2021MM12	2021 december		Definitief
2022MM01	2022  januari		Definitief
2022MM02	2022 februari		Definitief
2022MM03	2022 maart		Definitief
2022MM04	2022 april		Definitief
2022MM05	2022 mei		Definitief
2022MM06	2022 juni		Definitief
2022MM07	2022 juli		Definitief
2022MM08	2022 augustus		Definitief
2022MM09	2022 september		Definitief
2022MM10	2022 oktober		Definitief
2022MM11	2022 november		Definitief
2022MM12	2022 december		Definitief
2023MM01	2023 januari		Definitief
2023MM02	2023 februari		Definitief
2023MM03	2023 maart		Definitief
2023MM04	2023 april		Definitief
2023MM05	2023 mei		Definitief
2023MM06	2023 juni		Definitief
2023MM07	2023 juli		Definitief
2023MM08	2023 augustus		Definitief
2023MM09	2023 september		Definitief
2023MM10	2023 oktober		Definitief
2023MM11	2023 november		Definitief
2023MM12	2023 december		Definitief
